Año	Mes	Régimen general de Ley personas morales	Régimen simplificado de Ley personas morales	Personas morales con fines no lucrativos	Régimen de pequeños contribuyentes	Régimen de sueldos y salarios e ingresos asimilados a salarios	Régimen de arrendamiento	Régimen de enajenación o adquisición de bienes	Régimen de los demás ingresos	Régimen de consolidación	Régimen residentes en el extranjero sin establecimiento permanente en México	Régimen de ingresos por dividendos (socios y accionistas)	Régimen de las personas físicas con actividades empresariales y profesionales	Régimen intermedio de las personas físicas con actividades empresariales	Régimen de los ingresos por intereses	Régimen de los ingresos por obtención de premios	Sin obligaciones fiscales	Pemex	Régimen simplificado de ley personas físicas	Ingresos por la obtención de préstamos	Sociedades cooperativas de producción que optan por diferir sus ingresos.	Régimen de incorporación fiscal	Régimen de actividades agrícolas, ganaderas, silvícolas y pesqueras	Régimen de opcional para grupos de sociedades	Régimen de los coordinados	Actividades Empresariales con ingresos a través de Plataformas Tecnológicas
2010 	Enero	900,390	101,399	206,536	3,691,416	17,785,232	576,623	994	33,273	5,747	632	918,279	2,834,991	1,732,638	12,638	43	1,239,209	6	7	10	2,170	n.a.	n.a.	n.a.	n.a.	n.a.
2010 	Febrero	907,086	103,579	207,854	3,693,991	18,092,909	576,263	989	33,177	5,626	633	923,530	2,837,709	1,740,840	12,694	43	1,293,522	6	7	9	2,297	n.a.	n.a.	n.a.	n.a.	n.a.
2010 	Marzo	917,292	107,444	210,505	3,702,948	18,671,990	576,933	974	33,137	5,614	630	932,054	2,842,316	1,757,977	12,809	43	1,278,899	6	5	9	2,505	n.a.	n.a.	n.a.	n.a.	n.a.
2010 	Abril	922,823	109,103	211,443	3,705,511	19,052,588	575,088	962	33,071	5,598	632	935,197	2,839,267	1,763,607	12,993	43	1,286,598	6	5	9	2,556	n.a.	n.a.	n.a.	n.a.	n.a.
2010 	Mayo	928,978	110,253	212,418	3,708,411	19,593,881	573,714	955	32,996	5,524	630	938,458	2,840,752	1,770,012	13,142	43	1,297,229	6	5	9	2,623	n.a.	n.a.	n.a.	n.a.	n.a.
2010 	Junio	935,233	111,084	213,436	3,713,083	19,952,909	573,453	949	32,942	5,429	631	941,608	2,844,554	1,780,173	13,338	42	1,397,194	6	5	9	2,657	n.a.	n.a.	n.a.	n.a.	n.a.
2010 	Julio	941,807	111,903	214,513	3,718,629	20,225,007	573,158	942	32,862	5,398	631	945,501	2,847,278	1,790,308	13,504	42	1,548,243	6	5	9	2,704	n.a.	n.a.	n.a.	n.a.	n.a.
2010 	Agosto	946,147	112,454	215,254	3,723,680	20,447,293	572,850	938	32,820	5,418	632	947,831	2,849,393	1,796,528	13,604	42	1,565,804	6	5	9	2,746	n.a.	n.a.	n.a.	n.a.	n.a.
2010 	Septiembre	951,605	113,158	216,168	3,730,412	20,796,712	572,553	928	32,752	5,412	638	950,704	2,853,074	1,805,070	13,715	42	1,580,512	6	5	9	2,769	n.a.	n.a.	n.a.	n.a.	n.a.
2010 	Octubre	957,417	113,980	217,069	3,738,073	21,321,458	571,735	919	32,673	5,353	676	954,077	2,846,526	1,816,013	13,969	42	1,623,407	6	5	9	2,809	n.a.	n.a.	n.a.	n.a.	n.a.
2010 	Noviembre	963,718	114,669	217,992	3,749,360	21,673,005	572,165	911	32,617	5,316	676	957,514	2,852,699	1,827,183	14,113	42	1,625,626	6	5	9	2,838	n.a.	n.a.	n.a.	n.a.	n.a.
2010 	Diciembre	972,313	115,390	218,864	3,756,266	21,779,668	572,715	906	32,665	5,333	766	961,715	2,857,123	1,839,742	14,210	41	1,978,324	6	5	9	2,902	n.a.	n.a.	n.a.	n.a.	n.a.
2011 	Enero	977,086	116,301	219,787	3,755,056	21,879,782	569,685	898	32,550	5,392	766	964,750	2,845,667	1,838,838	14,308	40	1,988,900	6	5	9	2,973	n.a.	n.a.	n.a.	n.a.	n.a.
2011 	Febrero	984,265	118,440	220,973	3,762,268	22,067,166	569,357	894	32,486	5,418	769	969,440	2,850,688	1,847,348	14,386	40	1,996,417	6	5	9	3,085	n.a.	n.a.	n.a.	n.a.	n.a.
2011 	Marzo	991,026	119,980	222,210	3,766,063	22,606,362	568,942	0	32,451	5,416	772	973,804	2,852,464	1,855,825	14,461	40	1,722,116	6	0	0	3,147	n.a.	n.a.	n.a.	n.a.	n.a.
2011 	Abril	995,994	121,078	222,926	3,766,713	23,494,310	566,775	0	32,412	5,436	771	977,409	2,847,735	1,860,637	14,647	0	1,738,962	6	0	0	3,185	n.a.	n.a.	n.a.	n.a.	n.a.
2011 	Mayo	1,001,353	121,975	223,958	3,768,869	23,803,077	566,113	0	32,342	5,441	772	980,446	2,847,035	1,867,613	14,743	0	1,739,669	6	0	0	3,221	n.a.	n.a.	n.a.	n.a.	n.a.
2011 	Junio	1,007,383	122,774	225,062	3,773,418	24,162,276	565,591	0	32,315	5,453	777	984,728	2,848,922	1,877,123	14,853	0	1,758,342	5	0	0	3,249	n.a.	n.a.	n.a.	n.a.	n.a.
2011 	Julio	1,013,574	123,544	226,658	3,785,528	24,297,556	566,451	0	32,213	5,469	780	987,535	2,859,682	1,891,118	169,099	0	1,775,074	5	0	0	3,295	n.a.	n.a.	n.a.	n.a.	n.a.
2011 	Agosto	1,019,865	124,380	228,045	3,799,661	24,553,037	567,831	0	32,158	5,482	782	990,787	2,873,733	1,904,523	169,105	0	1,780,126	5	0	0	3,344	n.a.	n.a.	n.a.	n.a.	n.a.
2011 	Septiembre	1,026,132	125,245	229,162	3,813,401	24,777,017	569,236	0	32,137	5,662	788	994,606	2,890,969	1,918,846	288,651	0	1,784,949	5	0	0	3,378	n.a.	n.a.	n.a.	n.a.	n.a.
2011 	Octubre	1,032,300	125,935	230,217	3,816,689	24,993,312	569,077	0	32,066	5,620	793	997,971	2,895,560	1,930,390	316,758	0	1,844,585	5	0	0	3,408	n.a.	n.a.	n.a.	n.a.	n.a.
2011 	Noviembre	1,038,001	126,734	231,213	3,819,586	25,174,106	568,886	0	32,077	5,616	797	1,000,834	2,899,062	1,941,983	339,357	0	1,883,536	5	0	0	3,457	n.a.	n.a.	n.a.	n.a.	n.a.
2011 	Diciembre	1,042,161	127,338	231,933	3,821,241	25,320,698	568,581	0	32,274	5,633	774	1,002,851	2,898,544	1,949,097	339,337	0	1,892,806	5	0	0	3,479	n.a.	n.a.	n.a.	n.a.	n.a.
2012 	Enero	1,047,303	128,689	232,843	3,818,582	25,339,778	566,390	0	32,510	5,708	766	1,005,993	2,886,561	1,952,517	339,176	0	1,919,569	5	0	0	3,542	n.a.	n.a.	n.a.	n.a.	n.a.
2012 	Febrero	1,053,949	130,378	233,841	3,822,244	25,401,539	565,978	0	32,878	5,737	775	1,009,724	2,885,872	1,961,201	339,032	0	1,926,863	5	0	0	3,632	n.a.	n.a.	n.a.	n.a.	n.a.
2012 	Marzo	1,060,334	131,701	235,005	3,829,557	25,446,367	565,356	0	33,644	5,742	791	1,013,304	2,885,005	1,974,656	338,858	0	1,921,063	5	0	0	3,665	n.a.	n.a.	n.a.	n.a.	n.a.
2012 	Abril	1,065,656	132,536	235,891	3,832,603	25,496,956	564,482	0	36,058	5,743	792	1,015,908	2,882,512	1,983,229	338,885	0	1,928,436	5	0	0	3,693	n.a.	n.a.	n.a.	n.a.	n.a.
2012 	Mayo	1,071,467	134,017	236,827	3,837,436	25,552,841	563,862	0	36,119	5,738	794	1,019,222	2,882,263	1,994,836	338,696	0	1,941,018	5	0	0	3,721	n.a.	n.a.	n.a.	n.a.	n.a.
2012 	Junio	1,077,048	134,651	237,653	3,842,174	25,650,348	563,627	0	36,045	5,739	794	1,022,545	2,883,211	2,003,935	338,587	0	1,949,662	5	0	0	3,753	n.a.	n.a.	n.a.	n.a.	n.a.
2012 	Julio	1,083,285	135,333	238,584	3,845,655	26,231,335	562,248	0	35,894	5,739	800	1,025,081	2,882,679	2,011,621	338,411	0	2,035,806	5	0	0	3,780	n.a.	n.a.	n.a.	n.a.	n.a.
2012 	Agosto	1,089,443	136,045	239,594	3,850,995	26,495,246	561,611	0	35,789	5,753	799	1,027,924	2,885,177	2,019,559	338,267	0	2,042,160	5	0	0	3,813	n.a.	n.a.	n.a.	n.a.	n.a.
2012 	Septiembre	1,094,756	136,731	240,552	3,855,719	26,576,688	561,180	0	35,698	5,757	797	1,030,334	2,889,132	2,027,224	338,129	0	2,048,031	5	0	0	3,836	n.a.	n.a.	n.a.	n.a.	n.a.
2012 	Octubre	1,100,829	137,530	241,682	3,862,753	26,691,674	560,228	0	35,653	5,757	801	1,033,372	2,891,212	2,037,465	337,931	0	2,057,157	5	0	0	3,880	n.a.	n.a.	n.a.	n.a.	n.a.
2012 	Noviembre	1,105,995	138,195	242,645	3,866,589	26,866,097	559,153	0	35,963	5,743	801	1,036,329	2,890,875	2,043,284	337,817	0	2,092,448	5	0	0	3,923	n.a.	n.a.	n.a.	n.a.	n.a.
2012 	Diciembre	1,110,478	138,846	243,364	3,869,684	26,923,167	558,451	0	36,223	5,762	800	1,038,278	2,889,678	2,047,593	337,757	0	2,098,099	5	0	0	3,946	n.a.	n.a.	n.a.	n.a.	n.a.
2013 	Enero	1,115,790	139,768	244,371	3,869,844	26,981,077	556,192	0	36,237	5,770	802	1,040,261	2,882,351	2,047,830	337,614	0	2,146,173	5	0	0	3,953	n.a.	n.a.	n.a.	n.a.	n.a.
2013 	Febrero	1,121,778	140,859	245,419	3,874,345	27,102,341	556,213	0	36,725	5,768	805	1,043,093	2,886,107	2,057,396	337,566	0	2,163,239	5	0	0	4,000	n.a.	n.a.	n.a.	n.a.	n.a.
2013 	Marzo	1,128,632	142,828	246,542	3,877,086	27,214,033	556,144	0	37,402	5,714	805	1,046,248	2,888,755	2,069,355	337,450	0	2,189,268	5	0	0	4,109	n.a.	n.a.	n.a.	n.a.	n.a.
2013 	Abril	1,135,374	144,716	247,608	3,881,559	27,527,911	554,919	0	38,080	5,724	811	1,049,399	2,886,993	2,076,301	337,413	0	2,205,401	5	0	0	4,236	n.a.	n.a.	n.a.	n.a.	n.a.
2013 	Mayo	1,142,074	145,593	248,732	3,883,287	27,573,327	554,031	0	37,994	5,748	819	1,051,767	2,885,770	2,082,078	337,286	0	2,223,493	5	0	0	4,297	n.a.	n.a.	n.a.	n.a.	n.a.
2013 	Junio	1,148,335	146,349	249,791	3,886,428	27,643,671	553,903	0	37,956	5,781	821	1,054,223	2,887,269	2,089,045	337,161	0	2,343,863	5	0	0	4,355	n.a.	n.a.	n.a.	n.a.	n.a.
2013 	Julio	1,154,561	147,093	250,890	3,890,125	27,714,900	553,692	0	37,981	5,792	824	1,056,629	2,889,226	2,097,835	336,988	0	2,434,299	5	0	0	4,411	n.a.	n.a.	n.a.	n.a.	n.a.
2013 	Agosto	1,160,317	147,768	251,859	3,895,924	27,817,784	552,971	0	38,106	5,793	832	1,058,909	2,892,155	2,106,428	336,889	0	2,719,152	5	0	0	4,483	n.a.	n.a.	n.a.	n.a.	n.a.
2013 	Septiembre	1,165,533	148,351	252,771	3,889,101	27,937,603	551,198	0	38,192	5,794	851	1,060,794	2,888,542	2,112,094	336,707	0	3,127,227	5	0	0	4,514	n.a.	n.a.	n.a.	n.a.	n.a.
2013 	Octubre	1,171,379	148,992	253,874	3,895,144	28,042,788	550,840	0	38,716	5,779	868	1,062,890	2,895,414	2,124,667	336,492	0	3,206,702	5	0	0	4,542	n.a.	n.a.	n.a.	n.a.	n.a.
2013 	Noviembre	1,177,333	149,549	254,984	3,897,317	28,106,636	550,439	0	38,620	5,766	869	1,064,323	2,898,149	2,133,759	336,364	0	3,653,747	5	0	0	4,568	n.a.	n.a.	n.a.	n.a.	n.a.
2013 	Diciembre	1,182,048	149,953	255,817	3,886,294	28,211,895	548,989	0	38,568	5,774	874	1,064,484	2,928,604	2,132,940	336,297	0	3,807,704	5	0	0	4,595	n.a.	n.a.	n.a.	n.a.	n.a.
2014 	Enero	1,235,037	0	242,982	0	28,250,731	544,688	0	38,398	5,661	882	1,058,514	4,638,314	0	336,386	0	4,067,446	5	0	0	4,634	3,369,010	948,260	0	1,209	n.a.
2014 	Febrero	1,243,314	0	243,228	0	28,309,293	545,422	0	38,312	5,462	890	1,055,664	4,515,604	0	336,433	0	4,381,243	5	0	0	4,703	3,489,509	962,556	0	1,519	n.a.
2014 	Marzo	1,248,135	0	243,534	0	28,373,693	545,292	0	38,291	4,193	893	1,052,065	3,894,738	0	336,296	0	4,634,798	5	0	0	4,754	4,119,620	985,922	1,266	1,739	n.a.
2014 	Abril	1,254,685	0	243,903	0	28,500,747	545,250	0	38,451	4,176	981	1,051,772	3,869,066	0	336,331	0	4,804,371	5	0	0	4,790	4,157,175	1,001,127	1,266	1,803	n.a.
2014 	Mayo	1,262,491	0	244,382	0	28,628,480	546,631	0	38,750	4,164	1,052	1,051,892	3,859,905	0	336,196	0	4,950,614	5	0	0	4,813	4,189,701	1,023,119	1,266	1,865	n.a.
2014 	Junio	1,270,094	0	244,994	0	28,752,696	547,911	0	38,997	4,164	1,119	1,052,012	3,853,732	0	336,044	0	5,083,736	5	0	0	4,832	4,215,896	1,043,338	1,266	1,870	n.a.
2014 	Julio	1,276,552	0	245,466	0	28,910,708	548,672	0	39,181	3,441	1,179	1,051,936	3,848,637	0	335,981	0	5,214,264	5	0	0	4,852	4,240,735	1,060,828	1,374	3,123	n.a.
2014 	Agosto	1,284,697	0	245,992	0	29,136,642	549,160	0	39,350	1,481	1,245	1,052,274	3,848,837	0	335,849	0	5,370,350	5	0	0	4,872	4,258,983	1,079,328	1,368	3,219	n.a.
2014 	Septiembre	1,291,146	0	246,471	0	29,346,390	549,514	0	39,594	1,195	1,281	1,053,196	3,849,731	0	335,844	0	5,524,212	5	0	0	4,884	4,279,292	1,097,556	1,366	3,263	n.a.
2014 	Octubre	1,296,859	0	247,024	0	29,542,295	551,314	0	39,834	1,180	1,337	1,053,973	3,859,187	0	335,892	0	5,682,860	5	0	0	4,898	4,303,431	1,127,717	1,355	3,324	n.a.
2014 	Noviembre	1,302,999	0	247,560	0	29,764,908	550,796	0	40,122	1,183	1,466	1,055,823	3,854,236	0	335,956	0	5,815,992	5	0	0	4,908	4,299,849	1,137,038	1,355	3,329	n.a.
2014 	Diciembre	1,307,525	0	247,875	0	30,088,079	550,797	0	40,355	1,179	1,509	1,057,179	3,850,198	0	336,051	0	6,027,466	5	0	0	4,919	4,309,106	1,156,670	1,362	3,409	n.a.
2015 	Enero	1,310,041	0	247,900	0	30,314,929	550,309	0	41,019	1,182	1,567	1,058,817	3,831,262	0	335,996	0	6,558,510	5	0	0	4,925	4,313,144	1,179,482	1,352	3,655	n.a.
2015 	Febrero	1,315,771	0	248,334	0	30,491,824	552,026	0	41,517	1,149	1,613	1,060,984	3,837,304	0	335,842	0	6,974,737	0	0	0	4,935	4,342,897	1,205,705	1,285	3,781	n.a.
2015 	Marzo	1,322,239	0	248,960	0	30,662,937	552,822	0	42,459	1,143	1,674	1,062,834	3,840,679	0	335,672	0	7,136,797	0	0	0	4,963	4,363,347	1,230,312	1,266	3,860	n.a.
2015 	Abril	1,327,915	0	249,429	0	30,834,811	552,357	0	42,659	1,124	1,712	1,063,303	3,835,072	0	335,567	0	7,359,894	0	0	0	4,983	4,379,398	1,243,956	1,270	3,868	n.a.
2015 	Mayo	1,333,904	0	249,965	0	30,975,147	552,740	0	42,832	1,105	1,744	1,064,512	3,834,407	0	335,511	0	7,872,338	0	0	0	4,986	4,395,212	1,255,776	1,287	3,891	n.a.
2015 	Junio	1,340,504	0	250,472	0	31,182,121	553,684	0	43,038	889	1,786	1,066,133	3,837,074	0	335,464	0	8,003,732	0	0	0	5,002	4,416,950	1,268,573	1,293	3,895	n.a.
2015 	Julio	1,346,479	0	251,057	0	31,331,313	546,741	0	43,020	682	1,841	1,059,690	3,814,890	0	334,939	0	8,048,622	0	0	0	5,019	4,404,646	1,267,684	1,319	3,912	n.a.
2015 	Agosto	1,351,660	0	251,482	0	31,486,128	547,090	0	42,951	631	1,899	1,063,685	3,817,942	0	334,886	0	8,246,905	0	0	0	5,025	4,428,659	1,282,251	1,329	3,917	n.a.
2015 	Septiembre	1,357,334	0	251,921	0	31,633,528	547,253	0	43,072	631	1,953	1,067,028	3,821,569	0	334,813	0	8,408,449	0	0	0	5,046	4,453,541	1,295,281	1,275	3,939	n.a.
2015 	Octubre	1,363,035	0	252,347	0	31,780,632	547,430	0	43,399	626	1,968	1,072,413	3,825,760	0	334,732	0	8,566,673	0	0	0	5,047	4,476,102	1,308,972	1,266	3,954	n.a.
2015 	Noviembre	1,368,489	0	252,817	0	31,918,247	547,980	0	43,715	627	1,974	1,077,189	3,830,543	0	334,625	0	8,708,730	0	0	0	5,053	4,490,781	1,321,501	1,263	3,973	n.a.
2015 	Diciembre	1,371,707	0	253,200	0	32,029,879	548,123	26	44,040	626	2,004	1,083,975	3,829,058	0	334,719	0	8,813,835	0	0	0	5,052	4,507,015	1,333,367	1,261	3,987	n.a.
2016 	Enero	1,375,898	0	253,845	0	32,165,896	446,887	26	44,453	613	2,048	1,089,127	3,807,503	0	334,693	0	8,976,586	0	0	0	5,060	4,513,785	1,348,669	1,291	4,198	n.a.
2016 	Febrero	1,381,044	0	254,304	0	32,295,487	447,825	26	44,852	554	2,108	1,095,619	3,508,615	0	334,343	0	9,140,876	0	0	0	5,072	4,541,396	1,371,366	1,280	4,419	n.a.
2016 	Marzo	1,386,212	0	254,727	0	32,399,826	448,767	26	44,211	553	2,168	1,100,959	3,276,348	0	326,454	0	9,288,361	0	0	0	5,075	4,562,123	1,388,824	1,268	4,792	n.a.
2016 	Abril	1,391,689	0	255,189	0	32,558,028	449,182	26	44,703	551	2,216	1,105,626	3,274,759	0	326,710	0	9,780,962	0	0	0	5,088	4,583,862	1,401,708	1,259	4,845	n.a.
2016 	Mayo	1,397,355	0	255,710	0	34,097,204	446,472	26	35,423	543	2,275	1,111,201	3,250,994	0	257,423	0	8,420,514	0	0	0	5,088	4,601,233	1,404,801	1,200	4,879	n.a.
2016 	Junio	1,404,669	0	256,166	0	34,233,041	448,111	26	36,068	536	2,346	1,118,026	3,259,358	0	257,598	0	8,802,307	0	0	0	5,097	4,623,322	1,416,214	1,209	4,955	n.a.
2016 	Julio	1,410,236	0	256,546	0	34,342,724	448,903	26	36,635	537	2,409	1,123,790	3,264,598	0	257,667	0	8,949,681	0	0	0	5,096	4,628,951	1,425,867	1,208	5,020	n.a.
2016 	Agosto	1,416,966	0	256,978	0	34,471,039	449,662	26	37,245	537	2,464	1,129,928	3,270,999	0	257,766	0	9,383,141	0	0	0	5,093	4,647,108	1,437,397	1,206	5,083	n.a.
2016 	Septiembre	1,423,214	0	257,444	0	34,595,239	450,863	26	37,740	533	2,521	1,134,904	3,279,198	0	257,809	0	9,770,318	0	0	0	5,099	4,664,620	1,447,645	1,206	5,150	n.a.
2016 	Octubre	1,429,336	0	257,892	0	34,705,025	451,842	26	38,189	447	2,558	1,163,867	3,287,232	0	257,871	0	10,039,159	0	0	0	5,097	4,685,347	1,458,604	1,203	5,179	n.a.
2016 	Noviembre	1,435,385	0	258,392	0	34,802,903	452,965	26	38,688	361	2,638	1,169,374	3,294,434	0	257,957	0	10,460,341	0	0	0	5,111	4,696,518	1,471,573	1,202	5,225	n.a.
2016 	Diciembre	1,440,589	0	258,870	0	34,918,517	453,603	26	39,079	363	2,735	1,174,064	3,301,053	0	258,075	0	11,367,255	0	0	0	5,131	4,708,228	1,482,390	1,232	5,258	n.a.
2017 	Enero	1,445,895	0	259,205	0	35,796,570	454,187	26	39,669	367	2,818	1,181,097	3,303,701	0	258,187	0	11,735,288	0	0	0	5,161	4,719,902	1,494,921	1,232	5,380	n.a.
2017 	Febrero	1,452,243	0	259,732	0	36,079,585	455,569	26	40,817	366	2,910	1,189,591	3,315,248	0	258,261	0	12,041,972	0	0	0	5,175	4,742,686	1,514,150	1,232	5,422	n.a.
2017 	Marzo	1,459,999	0	260,109	0	36,306,163	457,265	26	41,934	381	3,025	1,197,684	3,328,321	0	258,351	0	12,491,093	0	0	0	5,174	4,763,491	1,532,717	1,234	5,461	n.a.
2017 	Abril	1,465,456	0	260,494	0	36,496,505	457,851	26	42,602	370	3,124	1,201,642	3,327,933	0	258,700	0	13,228,437	0	0	0	5,173	4,779,585	1,542,545	1,217	5,466	n.a.
2017 	Mayo	1,472,085	0	260,954	0	36,667,975	458,690	26	43,160	331	3,191	1,207,310	3,328,537	0	258,961	0	13,562,789	0	0	0	5,178	4,798,969	1,553,031	1,190	5,526	n.a.
2017 	Junio	1,478,949	0	261,365	0	36,845,043	459,711	26	43,831	309	3,245	1,213,446	3,332,220	0	259,163	0	13,956,176	0	0	0	5,178	4,827,596	1,563,625	1,186	5,575	n.a.
2017 	Julio	1,485,511	0	261,755	0	36,995,203	460,667	26	44,400	267	3,330	1,218,781	3,336,166	0	259,439	0	14,175,626	0	0	0	5,187	4,847,543	1,573,332	1,183	5,610	n.a.
2017 	Agosto	1,492,752	0	262,133	0	39,934,662	462,042	26	44,987	261	3,417	1,224,770	3,343,069	0	259,616	0	11,952,843	0	0	0	5,193	4,892,100	1,584,664	1,183	5,651	n.a.
2017 	Septiembre	1,498,891	0	262,478	0	40,051,079	463,059	26	45,359	261	3,511	1,230,348	3,349,267	0	259,732	0	12,190,270	0	0	0	5,193	4,912,168	1,595,218	1,169	5,692	n.a.
2017 	Octubre	1,505,981	0	263,095	0	40,178,144	464,129	26	45,720	264	3,601	1,237,372	3,355,131	0	259,818	0	12,600,313	0	0	0	5,201	4,938,198	1,605,641	1,159	5,724	n.a.
2017 	Noviembre	1,512,517	0	263,732	0	40,276,141	465,532	26	46,136	259	3,680	1,243,227	3,359,881	0	259,967	0	13,247,323	0	0	0	5,261	4,959,012	1,616,791	1,150	5,758	n.a.
2017 	Diciembre	1,518,297	0	264,690	0	40,354,643	466,683	26	46,570	258	3,759	1,247,264	3,364,147	0	260,179	0	13,399,964	0	0	0	5,269	4,975,385	1,627,694	1,176	5,783	n.a.
2018 	Enero	1,524,267	0	265,156	0	40,474,383	467,750	26	47,201	173	3,832	1,252,581	3,362,851	0	260,460	0	13,726,671	0	0	0	5,284	4,990,358	1,640,693	1,166	5,941	n.a.
2018 	Febrero	1,531,402	0	265,489	0	40,572,085	469,635	26	47,691	173	3,932	1,257,946	3,377,320	0	260,622	0	14,254,571	0	0	0	5,300	5,011,781	1,653,270	1,152	6,000	n.a.
2018 	Marzo	1,537,590	0	265,838	0	40,665,657	471,208	26	48,209	171	4,003	1,262,609	3,384,631	0	260,769	0	14,423,915	0	0	0	5,310	5,033,485	1,664,525	1,149	6,028	n.a.
2018 	Abril	1,541,955	0	266,148	0	40,769,779	472,165	26	48,547	169	4,088	1,266,367	3,407,518	0	261,146	0	14,699,930	0	0	0	5,320	5,033,397	1,672,273	1,149	6,041	n.a.
2018 	Mayo	1,550,816	0	266,582	0	40,873,435	473,334	26	48,934	167	4,172	1,271,056	3,408,216	0	261,520	0	15,034,913	0	0	0	5,330	5,050,323	1,679,670	1,093	6,088	n.a.
2018 	Junio	1,558,916	0	267,010	0	40,981,091	473,241	26	49,279	165	4,248	1,274,338	3,412,439	0	261,372	0	16,323,046	0	0	0	5,345	5,076,244	1,676,980	1,093	6,126	n.a.
2018 	Julio	1,567,290	0	267,503	0	43,648,157	474,621	26	49,758	36	4,296	1,279,628	3,419,556	0	261,571	0	14,360,735	0	0	0	5,357	5,098,398	1,685,488	1,093	6,163	n.a.
2018 	Agosto	1,575,269	0	268,026	0	43,753,199	475,959	26	50,287	36	4,416	1,285,019	3,428,819	0	261,798	0	14,629,260	0	0	0	5,359	5,127,409	1,696,097	1,092	6,192	n.a.
2018 	Septiembre	1,583,048	0	267,380	0	43,839,551	477,353	26	50,833	36	4,560	1,290,340	3,437,584	0	262,021	0	15,413,575	0	0	0	5,364	5,147,653	1,704,761	1,092	6,219	n.a.
2018 	Octubre	1,590,553	0	267,854	0	44,341,933	477,471	26	51,194	36	4,646	1,295,908	3,436,911	0	261,805	0	15,764,474	0	0	0	5,370	5,167,225	1,710,324	1,075	6,250	n.a.
2018 	Noviembre	1,596,555	0	268,276	0	44,390,291	477,876	26	61,901	36	4,843	1,298,766	3,438,709	0	261,506	0	15,888,845	0	0	0	5,401	5,169,401	1,713,960	1,076	6,272	n.a.
2018 	Diciembre	1,601,420	0	268,677	0	44,426,405	478,452	26	62,115	36	4,986	1,301,709	3,439,796	0	261,672	0	16,419,742	0	0	0	5,436	5,177,393	1,720,269	1,088	6,296	n.a.
2019 	Enero	1,606,530	0	269,074	0	44,492,668	478,882	26	62,269	36	5,336	1,307,083	3,436,471	0	261,923	0	16,877,587	0	0	0	5,458	5,178,483	1,727,170	1,024	6,371	n.a.
2019 	Febrero	1,612,992	0	269,431	0	44,551,777	480,352	26	62,548	36	5,605	1,312,310	3,448,028	0	262,151	0	17,155,906	0	0	0	5,480	5,188,039	1,736,507	1,025	6,422	n.a.
2019 	Marzo	1,619,917	0	269,850	0	44,608,743	482,079	26	62,889	36	5,883	1,317,838	3,459,193	0	262,427	0	17,434,393	0	0	0	5,508	5,209,079	1,746,252	1,024	6,482	n.a.
2019 	Abril	1,624,524	0	270,118	0	44,652,929	482,594	26	63,095	36	6,115	1,319,887	3,460,654	0	262,622	0	17,735,484	0	0	0	5,514	5,220,173	1,753,593	1,020	6,516	n.a.
2019 	Mayo	1,633,211	0	270,653	0	44,710,360	483,235	25	63,459	35	6,320	1,324,309	3,463,796	0	263,003	0	18,058,993	0	0	0	5,521	5,234,046	1,763,151	1,018	6,550	n.a.
2019 	Junio	1,640,462	0	271,029	0	44,763,232	484,221	25	63,865	35	6,522	1,328,660	3,471,788	0	263,137	0	18,546,046	0	0	0	5,544	5,246,834	1,770,998	997	6,596	n.a.
2019 	Julio	1,648,194	0	271,504	0	44,818,864	485,361	25	64,404	35	6,786	1,333,289	3,482,585	0	263,265	0	19,052,869	0	0	0	5,628	5,264,976	1,778,963	995	6,626	n.a.
2019 	Agosto	1,655,587	0	271,953	0	44,875,551	486,650	25	64,869	35	7,082	1,338,170	3,494,677	0	263,631	0	19,508,135	0	0	0	5,686	5,303,909	1,786,599	983	6,663	n.a.
2019 	Septiembre	1,662,264	0	272,378	0	46,588,053	488,220	25	65,246	35	7,350	1,342,341	3,506,769	0	263,774	0	18,281,422	0	0	0	5,719	5,333,995	1,792,915	982	6,680	n.a.
2019 	Octubre	1,669,533	0	272,879	0	48,254,438	490,515	25	65,634	6	7,381	1,346,508	3,518,479	0	263,954	0	17,070,584	0	0	0	5,790	5,370,412	1,801,271	978	6,713	n.a.
2019 	Noviembre	1,690,187	0	274,556	0	48,447,167	492,814	25	65,896	6	7,661	1,350,513	3,530,350	0	264,092	0	17,418,873	0	0	0	5,984	5,393,355	1,809,890	972	6,762	n.a.
2019 	Diciembre	1,695,697	0	274,865	0	48,469,609	494,793	25	66,217	6	7,903	1,354,255	3,535,661	0	264,163	0	17,417,762	0	0	0	6,037	5,411,974	1,817,588	972	6,787	n.a.
2020 	Enero	1,701,808	0	275,244	0	48,518,332	501,460	24	66,704	6	8,162	1,358,644	3,565,278	0	264,516	0	17,596,393	0	0	0	6,095	5,407,753	1,824,274	883	6,925	n.a.
2020 	Febrero	1,708,238	0	275,878	0	48,897,793	506,760	24	67,096	6	8,480	1,363,772	3,578,179	0	264,784	0	17,562,125	0	0	0	6,121	5,435,406	1,830,877	883	6,974	n.a.
2020 	Marzo	1,692,176	0	275,054	0	48,918,567	511,282	24	67,413	5	8,784	1,367,775	3,589,083	0	264,975	0	17,798,434	0	0	0	6,102	5,446,128	1,834,952	885	7,016	n.a.
2020 	Abril	1,693,341	0	275,092	0	49,343,693	511,758	24	67,627	5	8,998	1,369,029	3,584,631	0	265,579	0	17,480,890	0	0	0	6,098	5,445,187	1,838,134	871	7,035	n.a.
2020 	Mayo	1,694,691	0	275,153	0	49,364,787	512,071	24	67,905	5	9,541	1,370,754	3,584,406	0	266,041	0	17,584,015	0	0	0	6,095	5,439,024	1,841,729	871	7,051	n.a.
2020 	Junio	1,698,478	0	274,048	0	49,378,180	512,748	24	68,309	5	9,959	1,383,422	3,577,537	0	266,616	0	17,724,025	0	0	0	6,090	5,327,355	1,847,482	867	7,064	137,224
2020 	Julio	1,702,859	0	274,217	0	49,401,963	514,019	24	68,749	5	10,366	1,391,486	3,585,902	0	267,140	0	17,880,129	0	0	0	6,103	5,324,683	1,853,790	854	7,092	145,483
2020 	Agosto	1,709,189	0	274,455	0	49,431,702	515,554	24	69,264	5	10,654	1,397,158	3,596,038	0	267,607	0	18,026,996	0	0	0	6,123	5,330,144	1,859,121	852	7,131	146,109
2020 	Septiembre	1,716,962	0	274,915	0	49,448,669	517,270	24	69,785	5	10,952	1,402,586	3,607,974	0	267,891	0	18,480,541	0	0	0	6,140	5,328,258	1,864,495	850	7,175	154,219
2020 	Octubre	1,724,871	0	275,291	0	49,480,996	519,321	24	70,386	5	11,278	1,408,142	3,614,760	0	268,300	0	18,610,528	0	0	0	6,169	5,331,042	1,871,093	847	7,212	173,570
2020 	Noviembre	1,753,790	0	273,391	0	49,481,675	520,731	24	70,904	6	11,574	1,411,457	3,620,245	0	268,292	0	18,653,352	0	0	0	6,211	5,323,416	1,875,478	847	7,257	186,646
2020 	Diciembre	1,757,456	0	273,991	0	49,236,086	521,825	24	71,268	6	11,826	1,406,560	3,622,087	0	265,772	0	18,741,998	0	0	0	6,224	5,288,789	1,880,780	844	7,290	194,906
2021 	Enero	1,760,719	0	273,803	0	49,273,175	522,710	24	71,727	6	12,163	1,409,824	3,619,198	0	266,345	0	18,869,075	0	0	0	6,228	5,273,521	1,884,258	813	7,432	203,456
2021 	Febrero	1,765,989	0	273,953	0	49,317,281	524,811	24	72,380	6	12,557	1,414,633	3,627,481	0	266,894	0	18,928,313	0	0	0	6,246	5,275,464	1,889,302	804	7,487	212,625
2021 	Marzo	1,771,425	0	274,152	0	49,367,155	527,149	25	73,086	5	12,915	1,418,947	3,638,316	0	267,519	0	19,227,832	0	0	0	6,249	3,736,557	1,895,116	805	7,529	222,396
